,country_region_code,country_region,sub_region_1,sub_region_2,metro_area,iso_3166_2_code,census_fips_code,place_id,date,retail_and_recreation_percent_change_from_baseline,grocery_and_pharmacy_percent_change_from_baseline,parks_percent_change_from_baseline,transit_stations_percent_change_from_baseline,workplaces_percent_change_from_baseline,residential_percent_change_from_baseline
7290,CA,Canada,British Columbia,,,CA-BC,,ChIJr2prqsdmelMR-fHnN-lBG4g,2021-01-01,-58.0,-44.0,1.0,-74.0,-80.0,27.0
7291,CA,Canada,British Columbia,,,CA-BC,,ChIJr2prqsdmelMR-fHnN-lBG4g,2021-01-02,-38.0,-13.0,-41.0,-60.0,-27.0,14.0
7292,CA,Canada,British Columbia,,,CA-BC,,ChIJr2prqsdmelMR-fHnN-lBG4g,2021-01-03,-29.0,-7.0,28.0,-49.0,-21.0,9.0
7293,CA,Canada,British Columbia,,,CA-BC,,ChIJr2prqsdmelMR-fHnN-lBG4g,2021-01-04,-30.0,-5.0,-12.0,-54.0,-33.0,14.0
7294,CA,Canada,British Columbia,,,CA-BC,,ChIJr2prqsdmelMR-fHnN-lBG4g,2021-01-05,-29.0,-5.0,-10.0,-56.0,-31.0,15.0
7295,CA,Canada,British Columbia,,,CA-BC,,ChIJr2prqsdmelMR-fHnN-lBG4g,2021-01-06,-27.0,-1.0,31.0,-50.0,-31.0,13.0
7296,CA,Canada,British Columbia,,,CA-BC,,ChIJr2prqsdmelMR-fHnN-lBG4g,2021-01-07,-28.0,-2.0,22.0,-54.0,-31.0,14.0
7297,CA,Canada,British Columbia,,,CA-BC,,ChIJr2prqsdmelMR-fHnN-lBG4g,2021-01-08,-30.0,-6.0,4.0,-54.0,-28.0,13.0
7298,CA,Canada,British Columbia,,,CA-BC,,ChIJr2prqsdmelMR-fHnN-lBG4g,2021-01-09,-28.0,-4.0,19.0,-51.0,-15.0,9.0
7299,CA,Canada,British Columbia,,,CA-BC,,ChIJr2prqsdmelMR-fHnN-lBG4g,2021-01-10,-30.0,-8.0,2.0,-54.0,-20.0,9.0
7300,CA,Canada,British Columbia,,,CA-BC,,ChIJr2prqsdmelMR-fHnN-lBG4g,2021-01-11,-32.0,-8.0,-8.0,-57.0,-31.0,13.0
7301,CA,Canada,British Columbia,,,CA-BC,,ChIJr2prqsdmelMR-fHnN-lBG4g,2021-01-12,-31.0,-8.0,2.0,-57.0,-30.0,14.0
7302,CA,Canada,British Columbia,,,CA-BC,,ChIJr2prqsdmelMR-fHnN-lBG4g,2021-01-13,-28.0,-5.0,42.0,-55.0,-32.0,12.0
7303,CA,Canada,British Columbia,,,CA-BC,,ChIJr2prqsdmelMR-fHnN-lBG4g,2021-01-14,-31.0,-7.0,22.0,-59.0,-31.0,13.0
7304,CA,Canada,British Columbia,,,CA-BC,,ChIJr2prqsdmelMR-fHnN-lBG4g,2021-01-15,-29.0,-7.0,30.0,-58.0,-29.0,11.0
7305,CA,Canada,British Columbia,,,CA-BC,,ChIJr2prqsdmelMR-fHnN-lBG4g,2021-01-16,-30.0,-7.0,4.0,-58.0,-17.0,9.0
7306,CA,Canada,British Columbia,,,CA-BC,,ChIJr2prqsdmelMR-fHnN-lBG4g,2021-01-17,-29.0,-9.0,31.0,-58.0,-22.0,7.0
7307,CA,Canada,British Columbia,,,CA-BC,,ChIJr2prqsdmelMR-fHnN-lBG4g,2021-01-18,-30.0,-7.0,31.0,-59.0,-32.0,12.0
7308,CA,Canada,British Columbia,,,CA-BC,,ChIJr2prqsdmelMR-fHnN-lBG4g,2021-01-19,-29.0,-6.0,35.0,-59.0,-30.0,13.0
7309,CA,Canada,British Columbia,,,CA-BC,,ChIJr2prqsdmelMR-fHnN-lBG4g,2021-01-20,-29.0,-6.0,21.0,-55.0,-31.0,12.0
7310,CA,Canada,British Columbia,,,CA-BC,,ChIJr2prqsdmelMR-fHnN-lBG4g,2021-01-21,-28.0,-3.0,32.0,-57.0,-30.0,13.0
7311,CA,Canada,British Columbia,,,CA-BC,,ChIJr2prqsdmelMR-fHnN-lBG4g,2021-01-22,-27.0,-5.0,31.0,-54.0,-28.0,11.0
7312,CA,Canada,British Columbia,,,CA-BC,,ChIJr2prqsdmelMR-fHnN-lBG4g,2021-01-23,-25.0,0.0,32.0,-53.0,-15.0,8.0
7313,CA,Canada,British Columbia,,,CA-BC,,ChIJr2prqsdmelMR-fHnN-lBG4g,2021-01-24,-38.0,-18.0,-30.0,-61.0,-24.0,10.0
7314,CA,Canada,British Columbia,,,CA-BC,,ChIJr2prqsdmelMR-fHnN-lBG4g,2021-01-25,-33.0,-11.0,-5.0,-59.0,-32.0,13.0
7315,CA,Canada,British Columbia,,,CA-BC,,ChIJr2prqsdmelMR-fHnN-lBG4g,2021-01-26,-30.0,-7.0,26.0,-57.0,-30.0,13.0
7316,CA,Canada,British Columbia,,,CA-BC,,ChIJr2prqsdmelMR-fHnN-lBG4g,2021-01-27,-32.0,-10.0,1.0,-56.0,-31.0,13.0
7317,CA,Canada,British Columbia,,,CA-BC,,ChIJr2prqsdmelMR-fHnN-lBG4g,2021-01-28,-31.0,-6.0,12.0,-57.0,-31.0,13.0
7318,CA,Canada,British Columbia,,,CA-BC,,ChIJr2prqsdmelMR-fHnN-lBG4g,2021-01-29,-28.0,-5.0,15.0,-55.0,-29.0,11.0
7319,CA,Canada,British Columbia,,,CA-BC,,ChIJr2prqsdmelMR-fHnN-lBG4g,2021-01-30,-29.0,-4.0,-12.0,-57.0,-16.0,9.0
7320,CA,Canada,British Columbia,,,CA-BC,,ChIJr2prqsdmelMR-fHnN-lBG4g,2021-01-31,-30.0,-10.0,-13.0,-57.0,-21.0,8.0
7321,CA,Canada,British Columbia,,,CA-BC,,ChIJr2prqsdmelMR-fHnN-lBG4g,2021-02-01,-31.0,-8.0,-18.0,-59.0,-32.0,13.0
7322,CA,Canada,British Columbia,,,CA-BC,,ChIJr2prqsdmelMR-fHnN-lBG4g,2021-02-02,-29.0,-6.0,13.0,-57.0,-30.0,13.0
7323,CA,Canada,British Columbia,,,CA-BC,,ChIJr2prqsdmelMR-fHnN-lBG4g,2021-02-03,-28.0,-5.0,52.0,-53.0,-30.0,12.0
7324,CA,Canada,British Columbia,,,CA-BC,,ChIJr2prqsdmelMR-fHnN-lBG4g,2021-02-04,-32.0,-9.0,-9.0,-59.0,-30.0,14.0
7325,CA,Canada,British Columbia,,,CA-BC,,ChIJr2prqsdmelMR-fHnN-lBG4g,2021-02-05,-27.0,-4.0,27.0,-54.0,-28.0,11.0
7326,CA,Canada,British Columbia,,,CA-BC,,ChIJr2prqsdmelMR-fHnN-lBG4g,2021-02-06,-27.0,-2.0,13.0,-54.0,-15.0,9.0
7327,CA,Canada,British Columbia,,,CA-BC,,ChIJr2prqsdmelMR-fHnN-lBG4g,2021-02-07,-27.0,-6.0,51.0,-51.0,-19.0,7.0
7328,CA,Canada,British Columbia,,,CA-BC,,ChIJr2prqsdmelMR-fHnN-lBG4g,2021-02-08,-30.0,-8.0,5.0,-57.0,-31.0,12.0
7329,CA,Canada,British Columbia,,,CA-BC,,ChIJr2prqsdmelMR-fHnN-lBG4g,2021-02-09,-28.0,-4.0,26.0,-56.0,-29.0,13.0
7330,CA,Canada,British Columbia,,,CA-BC,,ChIJr2prqsdmelMR-fHnN-lBG4g,2021-02-10,-31.0,-7.0,-8.0,-56.0,-31.0,14.0
7331,CA,Canada,British Columbia,,,CA-BC,,ChIJr2prqsdmelMR-fHnN-lBG4g,2021-02-11,-30.0,-3.0,-10.0,-58.0,-31.0,14.0
7332,CA,Canada,British Columbia,,,CA-BC,,ChIJr2prqsdmelMR-fHnN-lBG4g,2021-02-12,-26.0,0.0,-4.0,-55.0,-33.0,13.0
7333,CA,Canada,British Columbia,,,CA-BC,,ChIJr2prqsdmelMR-fHnN-lBG4g,2021-02-13,-38.0,-9.0,-8.0,-57.0,-25.0,12.0
7334,CA,Canada,British Columbia,,,CA-BC,,ChIJr2prqsdmelMR-fHnN-lBG4g,2021-02-14,-27.0,-8.0,4.0,-55.0,-24.0,9.0
7335,CA,Canada,British Columbia,,,CA-BC,,ChIJr2prqsdmelMR-fHnN-lBG4g,2021-02-15,-33.0,-5.0,4.0,-67.0,-74.0,23.0
7336,CA,Canada,British Columbia,,,CA-BC,,ChIJr2prqsdmelMR-fHnN-lBG4g,2021-02-16,-25.0,3.0,28.0,-53.0,-30.0,13.0
7337,CA,Canada,British Columbia,,,CA-BC,,ChIJr2prqsdmelMR-fHnN-lBG4g,2021-02-17,-23.0,2.0,42.0,-50.0,-30.0,12.0
7338,CA,Canada,British Columbia,,,CA-BC,,ChIJr2prqsdmelMR-fHnN-lBG4g,2021-02-18,-28.0,-2.0,-9.0,-57.0,-30.0,13.0
7339,CA,Canada,British Columbia,,,CA-BC,,ChIJr2prqsdmelMR-fHnN-lBG4g,2021-02-19,-24.0,0.0,11.0,-57.0,-28.0,11.0
7340,CA,Canada,British Columbia,,,CA-BC,,ChIJr2prqsdmelMR-fHnN-lBG4g,2021-02-20,-23.0,1.0,13.0,-56.0,-15.0,8.0
7341,CA,Canada,British Columbia,,,CA-BC,,ChIJr2prqsdmelMR-fHnN-lBG4g,2021-02-21,-25.0,-5.0,3.0,-57.0,-20.0,8.0
7342,CA,Canada,British Columbia,,,CA-BC,,ChIJr2prqsdmelMR-fHnN-lBG4g,2021-02-22,-26.0,-2.0,27.0,-57.0,-30.0,12.0
7343,CA,Canada,British Columbia,,,CA-BC,,ChIJr2prqsdmelMR-fHnN-lBG4g,2021-02-23,-24.0,1.0,43.0,-56.0,-28.0,12.0
7344,CA,Canada,British Columbia,,,CA-BC,,ChIJr2prqsdmelMR-fHnN-lBG4g,2021-02-24,-25.0,0.0,33.0,-53.0,-30.0,12.0
7345,CA,Canada,British Columbia,,,CA-BC,,ChIJr2prqsdmelMR-fHnN-lBG4g,2021-02-25,-26.0,1.0,14.0,-57.0,-30.0,13.0
7346,CA,Canada,British Columbia,,,CA-BC,,ChIJr2prqsdmelMR-fHnN-lBG4g,2021-02-26,-21.0,3.0,35.0,-54.0,-28.0,10.0
7347,CA,Canada,British Columbia,,,CA-BC,,ChIJr2prqsdmelMR-fHnN-lBG4g,2021-02-27,-21.0,2.0,40.0,-50.0,-14.0,7.0
7348,CA,Canada,British Columbia,,,CA-BC,,ChIJr2prqsdmelMR-fHnN-lBG4g,2021-02-28,-24.0,-4.0,2.0,-54.0,-19.0,7.0
7349,CA,Canada,British Columbia,,,CA-BC,,ChIJr2prqsdmelMR-fHnN-lBG4g,2021-03-01,-25.0,0.0,29.0,-54.0,-30.0,11.0
7350,CA,Canada,British Columbia,,,CA-BC,,ChIJr2prqsdmelMR-fHnN-lBG4g,2021-03-02,-23.0,2.0,44.0,-54.0,-28.0,12.0
7351,CA,Canada,British Columbia,,,CA-BC,,ChIJr2prqsdmelMR-fHnN-lBG4g,2021-03-03,-24.0,-1.0,46.0,-52.0,-30.0,12.0
7352,CA,Canada,British Columbia,,,CA-BC,,ChIJr2prqsdmelMR-fHnN-lBG4g,2021-03-04,-26.0,-1.0,12.0,-55.0,-29.0,12.0
7353,CA,Canada,British Columbia,,,CA-BC,,ChIJr2prqsdmelMR-fHnN-lBG4g,2021-03-05,-23.0,0.0,22.0,-53.0,-27.0,11.0
7354,CA,Canada,British Columbia,,,CA-BC,,ChIJr2prqsdmelMR-fHnN-lBG4g,2021-03-06,-20.0,3.0,39.0,-50.0,-14.0,7.0
7355,CA,Canada,British Columbia,,,CA-BC,,ChIJr2prqsdmelMR-fHnN-lBG4g,2021-03-07,-23.0,-4.0,19.0,-53.0,-19.0,7.0
7356,CA,Canada,British Columbia,,,CA-BC,,ChIJr2prqsdmelMR-fHnN-lBG4g,2021-03-08,-23.0,0.0,55.0,-53.0,-30.0,11.0
7357,CA,Canada,British Columbia,,,CA-BC,,ChIJr2prqsdmelMR-fHnN-lBG4g,2021-03-09,-22.0,1.0,57.0,-53.0,-28.0,12.0
7358,CA,Canada,British Columbia,,,CA-BC,,ChIJr2prqsdmelMR-fHnN-lBG4g,2021-03-10,-23.0,-1.0,56.0,-51.0,-30.0,11.0
7359,CA,Canada,British Columbia,,,CA-BC,,ChIJr2prqsdmelMR-fHnN-lBG4g,2021-03-11,-23.0,1.0,60.0,-52.0,-29.0,11.0
7360,CA,Canada,British Columbia,,,CA-BC,,ChIJr2prqsdmelMR-fHnN-lBG4g,2021-03-12,-20.0,2.0,55.0,-49.0,-27.0,9.0
7361,CA,Canada,British Columbia,,,CA-BC,,ChIJr2prqsdmelMR-fHnN-lBG4g,2021-03-13,-18.0,3.0,69.0,-45.0,-14.0,6.0
7362,CA,Canada,British Columbia,,,CA-BC,,ChIJr2prqsdmelMR-fHnN-lBG4g,2021-03-14,-25.0,-7.0,-2.0,-52.0,-21.0,7.0
7363,CA,Canada,British Columbia,,,CA-BC,,ChIJr2prqsdmelMR-fHnN-lBG4g,2021-03-15,-19.0,2.0,71.0,-51.0,-36.0,11.0
7364,CA,Canada,British Columbia,,,CA-BC,,ChIJr2prqsdmelMR-fHnN-lBG4g,2021-03-16,-18.0,4.0,95.0,-52.0,-35.0,12.0
7365,CA,Canada,British Columbia,,,CA-BC,,ChIJr2prqsdmelMR-fHnN-lBG4g,2021-03-17,-20.0,1.0,80.0,-48.0,-35.0,11.0
7366,CA,Canada,British Columbia,,,CA-BC,,ChIJr2prqsdmelMR-fHnN-lBG4g,2021-03-18,-23.0,1.0,22.0,-53.0,-35.0,13.0
7367,CA,Canada,British Columbia,,,CA-BC,,ChIJr2prqsdmelMR-fHnN-lBG4g,2021-03-19,-20.0,3.0,25.0,-50.0,-33.0,11.0
7368,CA,Canada,British Columbia,,,CA-BC,,ChIJr2prqsdmelMR-fHnN-lBG4g,2021-03-20,-20.0,3.0,20.0,-47.0,-15.0,7.0
7369,CA,Canada,British Columbia,,,CA-BC,,ChIJr2prqsdmelMR-fHnN-lBG4g,2021-03-21,-24.0,-7.0,-10.0,-51.0,-20.0,7.0
7370,CA,Canada,British Columbia,,,CA-BC,,ChIJr2prqsdmelMR-fHnN-lBG4g,2021-03-22,-19.0,2.0,73.0,-50.0,-37.0,11.0
7371,CA,Canada,British Columbia,,,CA-BC,,ChIJr2prqsdmelMR-fHnN-lBG4g,2021-03-23,-19.0,2.0,71.0,-51.0,-35.0,12.0
7372,CA,Canada,British Columbia,,,CA-BC,,ChIJr2prqsdmelMR-fHnN-lBG4g,2021-03-24,-21.0,1.0,19.0,-50.0,-37.0,13.0
7373,CA,Canada,British Columbia,,,CA-BC,,ChIJr2prqsdmelMR-fHnN-lBG4g,2021-03-25,-17.0,7.0,92.0,-48.0,-36.0,11.0
7374,CA,Canada,British Columbia,,,CA-BC,,ChIJr2prqsdmelMR-fHnN-lBG4g,2021-03-26,-18.0,3.0,71.0,-47.0,-34.0,10.0
7375,CA,Canada,British Columbia,,,CA-BC,,ChIJr2prqsdmelMR-fHnN-lBG4g,2021-03-27,-20.0,3.0,29.0,-45.0,-14.0,7.0
7376,CA,Canada,British Columbia,,,CA-BC,,ChIJr2prqsdmelMR-fHnN-lBG4g,2021-03-28,-22.0,-3.0,-1.0,-50.0,-20.0,7.0
7377,CA,Canada,British Columbia,,,CA-BC,,ChIJr2prqsdmelMR-fHnN-lBG4g,2021-03-29,-18.0,4.0,67.0,-46.0,-30.0,10.0
7378,CA,Canada,British Columbia,,,CA-BC,,ChIJr2prqsdmelMR-fHnN-lBG4g,2021-03-30,-23.0,7.0,82.0,-48.0,-30.0,11.0
7379,CA,Canada,British Columbia,,,CA-BC,,ChIJr2prqsdmelMR-fHnN-lBG4g,2021-03-31,-21.0,9.0,91.0,-45.0,-32.0,10.0
7380,CA,Canada,British Columbia,,,CA-BC,,ChIJr2prqsdmelMR-fHnN-lBG4g,2021-04-01,-15.0,22.0,70.0,-46.0,-32.0,10.0
7381,CA,Canada,British Columbia,,,CA-BC,,ChIJr2prqsdmelMR-fHnN-lBG4g,2021-04-02,-28.0,10.0,114.0,-57.0,-70.0,19.0
7382,CA,Canada,British Columbia,,,CA-BC,,ChIJr2prqsdmelMR-fHnN-lBG4g,2021-04-03,-29.0,10.0,19.0,-52.0,-25.0,9.0
7383,CA,Canada,British Columbia,,,CA-BC,,ChIJr2prqsdmelMR-fHnN-lBG4g,2021-04-04,-29.0,-6.0,115.0,-42.0,-25.0,5.0
7384,CA,Canada,British Columbia,,,CA-BC,,ChIJr2prqsdmelMR-fHnN-lBG4g,2021-04-05,-24.0,2.0,129.0,-53.0,-54.0,14.0
7385,CA,Canada,British Columbia,,,CA-BC,,ChIJr2prqsdmelMR-fHnN-lBG4g,2021-04-06,-24.0,5.0,92.0,-49.0,-30.0,11.0
7386,CA,Canada,British Columbia,,,CA-BC,,ChIJr2prqsdmelMR-fHnN-lBG4g,2021-04-07,-30.0,0.0,11.0,-52.0,-32.0,13.0
7387,CA,Canada,British Columbia,,,CA-BC,,ChIJr2prqsdmelMR-fHnN-lBG4g,2021-04-08,-26.0,6.0,78.0,-49.0,-30.0,12.0
7388,CA,Canada,British Columbia,,,CA-BC,,ChIJr2prqsdmelMR-fHnN-lBG4g,2021-04-09,-30.0,2.0,5.0,-52.0,-29.0,12.0
7389,CA,Canada,British Columbia,,,CA-BC,,ChIJr2prqsdmelMR-fHnN-lBG4g,2021-04-10,-25.0,7.0,64.0,-46.0,-18.0,8.0
7390,CA,Canada,British Columbia,,,CA-BC,,ChIJr2prqsdmelMR-fHnN-lBG4g,2021-04-11,-23.0,2.0,103.0,-43.0,-22.0,6.0
7391,CA,Canada,British Columbia,,,CA-BC,,ChIJr2prqsdmelMR-fHnN-lBG4g,2021-04-12,-24.0,4.0,79.0,-49.0,-31.0,11.0
7392,CA,Canada,British Columbia,,,CA-BC,,ChIJr2prqsdmelMR-fHnN-lBG4g,2021-04-13,-22.0,7.0,116.0,-48.0,-29.0,11.0
7393,CA,Canada,British Columbia,,,CA-BC,,ChIJr2prqsdmelMR-fHnN-lBG4g,2021-04-14,-23.0,6.0,115.0,-46.0,-31.0,11.0
7394,CA,Canada,British Columbia,,,CA-BC,,ChIJr2prqsdmelMR-fHnN-lBG4g,2021-04-15,-21.0,10.0,116.0,-48.0,-30.0,11.0
7395,CA,Canada,British Columbia,,,CA-BC,,ChIJr2prqsdmelMR-fHnN-lBG4g,2021-04-16,-22.0,8.0,122.0,-46.0,-29.0,9.0
7396,CA,Canada,British Columbia,,,CA-BC,,ChIJr2prqsdmelMR-fHnN-lBG4g,2021-04-17,-22.0,8.0,117.0,-43.0,-18.0,5.0
7397,CA,Canada,British Columbia,,,CA-BC,,ChIJr2prqsdmelMR-fHnN-lBG4g,2021-04-18,-19.0,5.0,130.0,-41.0,-22.0,4.0
7398,CA,Canada,British Columbia,,,CA-BC,,ChIJr2prqsdmelMR-fHnN-lBG4g,2021-04-19,-23.0,5.0,85.0,-49.0,-32.0,10.0
7399,CA,Canada,British Columbia,,,CA-BC,,ChIJr2prqsdmelMR-fHnN-lBG4g,2021-04-20,-18.0,12.0,130.0,-46.0,-29.0,10.0
7400,CA,Canada,British Columbia,,,CA-BC,,ChIJr2prqsdmelMR-fHnN-lBG4g,2021-04-21,-19.0,10.0,103.0,-45.0,-31.0,10.0
7401,CA,Canada,British Columbia,,,CA-BC,,ChIJr2prqsdmelMR-fHnN-lBG4g,2021-04-22,-20.0,11.0,104.0,-47.0,-30.0,11.0
7402,CA,Canada,British Columbia,,,CA-BC,,ChIJr2prqsdmelMR-fHnN-lBG4g,2021-04-23,-24.0,7.0,56.0,-49.0,-30.0,11.0
7403,CA,Canada,British Columbia,,,CA-BC,,ChIJr2prqsdmelMR-fHnN-lBG4g,2021-04-24,-28.0,5.0,-2.0,-53.0,-19.0,9.0
7404,CA,Canada,British Columbia,,,CA-BC,,ChIJr2prqsdmelMR-fHnN-lBG4g,2021-04-25,-26.0,1.0,23.0,-51.0,-23.0,8.0
7405,CA,Canada,British Columbia,,,CA-BC,,ChIJr2prqsdmelMR-fHnN-lBG4g,2021-04-26,-22.0,5.0,81.0,-49.0,-31.0,11.0
7406,CA,Canada,British Columbia,,,CA-BC,,ChIJr2prqsdmelMR-fHnN-lBG4g,2021-04-27,-22.0,7.0,82.0,-49.0,-29.0,11.0
7407,CA,Canada,British Columbia,,,CA-BC,,ChIJr2prqsdmelMR-fHnN-lBG4g,2021-04-28,-24.0,5.0,40.0,-48.0,-31.0,12.0
7408,CA,Canada,British Columbia,,,CA-BC,,ChIJr2prqsdmelMR-fHnN-lBG4g,2021-04-29,-21.0,10.0,86.0,-48.0,-30.0,11.0
7409,CA,Canada,British Columbia,,,CA-BC,,ChIJr2prqsdmelMR-fHnN-lBG4g,2021-04-30,-21.0,9.0,67.0,-48.0,-28.0,10.0
7410,CA,Canada,British Columbia,,,CA-BC,,ChIJr2prqsdmelMR-fHnN-lBG4g,2021-05-01,-20.0,11.0,82.0,-43.0,-17.0,6.0
7411,CA,Canada,British Columbia,,,CA-BC,,ChIJr2prqsdmelMR-fHnN-lBG4g,2021-05-02,-17.0,6.0,119.0,-42.0,-21.0,5.0
7412,CA,Canada,British Columbia,,,CA-BC,,ChIJr2prqsdmelMR-fHnN-lBG4g,2021-05-03,-24.0,6.0,26.0,-51.0,-31.0,11.0
7413,CA,Canada,British Columbia,,,CA-BC,,ChIJr2prqsdmelMR-fHnN-lBG4g,2021-05-04,-19.0,11.0,121.0,-47.0,-28.0,10.0
7414,CA,Canada,British Columbia,,,CA-BC,,ChIJr2prqsdmelMR-fHnN-lBG4g,2021-05-05,-21.0,8.0,91.0,-47.0,-31.0,10.0
7415,CA,Canada,British Columbia,,,CA-BC,,ChIJr2prqsdmelMR-fHnN-lBG4g,2021-05-06,-23.0,8.0,48.0,-51.0,-30.0,12.0
7416,CA,Canada,British Columbia,,,CA-BC,,ChIJr2prqsdmelMR-fHnN-lBG4g,2021-05-07,-20.0,12.0,81.0,-48.0,-29.0,9.0
7417,CA,Canada,British Columbia,,,CA-BC,,ChIJr2prqsdmelMR-fHnN-lBG4g,2021-05-08,-19.0,19.0,53.0,-47.0,-17.0,7.0
7418,CA,Canada,British Columbia,,,CA-BC,,ChIJr2prqsdmelMR-fHnN-lBG4g,2021-05-09,-12.0,14.0,116.0,-42.0,-19.0,3.0
7419,CA,Canada,British Columbia,,,CA-BC,,ChIJr2prqsdmelMR-fHnN-lBG4g,2021-05-10,-22.0,6.0,87.0,-49.0,-31.0,10.0
7420,CA,Canada,British Columbia,,,CA-BC,,ChIJr2prqsdmelMR-fHnN-lBG4g,2021-05-11,-18.0,10.0,134.0,-47.0,-28.0,10.0
7421,CA,Canada,British Columbia,,,CA-BC,,ChIJr2prqsdmelMR-fHnN-lBG4g,2021-05-12,-21.0,9.0,79.0,-47.0,-32.0,11.0
7422,CA,Canada,British Columbia,,,CA-BC,,ChIJr2prqsdmelMR-fHnN-lBG4g,2021-05-13,-18.0,13.0,130.0,-46.0,-30.0,10.0
7423,CA,Canada,British Columbia,,,CA-BC,,ChIJr2prqsdmelMR-fHnN-lBG4g,2021-05-14,-18.0,13.0,133.0,-45.0,-28.0,8.0
7424,CA,Canada,British Columbia,,,CA-BC,,ChIJr2prqsdmelMR-fHnN-lBG4g,2021-05-15,-17.0,13.0,123.0,-41.0,-18.0,4.0
7425,CA,Canada,British Columbia,,,CA-BC,,ChIJr2prqsdmelMR-fHnN-lBG4g,2021-05-16,-14.0,8.0,145.0,-40.0,-20.0,3.0
7426,CA,Canada,British Columbia,,,CA-BC,,ChIJr2prqsdmelMR-fHnN-lBG4g,2021-05-17,-23.0,7.0,37.0,-50.0,-30.0,11.0
7427,CA,Canada,British Columbia,,,CA-BC,,ChIJr2prqsdmelMR-fHnN-lBG4g,2021-05-18,-18.0,13.0,93.0,-47.0,-28.0,11.0
7428,CA,Canada,British Columbia,,,CA-BC,,ChIJr2prqsdmelMR-fHnN-lBG4g,2021-05-19,-18.0,13.0,91.0,-48.0,-30.0,10.0
7429,CA,Canada,British Columbia,,,CA-BC,,ChIJr2prqsdmelMR-fHnN-lBG4g,2021-05-20,-15.0,18.0,115.0,-48.0,-29.0,9.0
7430,CA,Canada,British Columbia,,,CA-BC,,ChIJr2prqsdmelMR-fHnN-lBG4g,2021-05-21,-16.0,17.0,139.0,-47.0,-32.0,7.0
7431,CA,Canada,British Columbia,,,CA-BC,,ChIJr2prqsdmelMR-fHnN-lBG4g,2021-05-22,-20.0,12.0,134.0,-45.0,-20.0,4.0
7432,CA,Canada,British Columbia,,,CA-BC,,ChIJr2prqsdmelMR-fHnN-lBG4g,2021-05-23,-17.0,2.0,105.0,-48.0,-22.0,4.0
7433,CA,Canada,British Columbia,,,CA-BC,,ChIJr2prqsdmelMR-fHnN-lBG4g,2021-05-24,-27.0,8.0,41.0,-66.0,-75.0,20.0
7434,CA,Canada,British Columbia,,,CA-BC,,ChIJr2prqsdmelMR-fHnN-lBG4g,2021-05-25,-17.0,14.0,108.0,-48.0,-28.0,10.0
7435,CA,Canada,British Columbia,,,CA-BC,,ChIJr2prqsdmelMR-fHnN-lBG4g,2021-05-26,-17.0,8.0,75.0,-47.0,-29.0,10.0
7436,CA,Canada,British Columbia,,,CA-BC,,ChIJr2prqsdmelMR-fHnN-lBG4g,2021-05-27,-18.0,9.0,32.0,-52.0,-28.0,11.0
7437,CA,Canada,British Columbia,,,CA-BC,,ChIJr2prqsdmelMR-fHnN-lBG4g,2021-05-28,-12.0,14.0,105.0,-45.0,-24.0,7.0
7438,CA,Canada,British Columbia,,,CA-BC,,ChIJr2prqsdmelMR-fHnN-lBG4g,2021-05-29,-12.0,13.0,132.0,-42.0,-12.0,3.0
7439,CA,Canada,British Columbia,,,CA-BC,,ChIJr2prqsdmelMR-fHnN-lBG4g,2021-05-30,-10.0,6.0,108.0,-43.0,-16.0,3.0
7440,CA,Canada,British Columbia,,,CA-BC,,ChIJr2prqsdmelMR-fHnN-lBG4g,2021-05-31,-12.0,12.0,108.0,-46.0,-27.0,8.0
7441,CA,Canada,British Columbia,,,CA-BC,,ChIJr2prqsdmelMR-fHnN-lBG4g,2021-06-01,-9.0,17.0,177.0,-44.0,-25.0,8.0
7442,CA,Canada,British Columbia,,,CA-BC,,ChIJr2prqsdmelMR-fHnN-lBG4g,2021-06-02,-11.0,14.0,153.0,-44.0,-28.0,8.0
7443,CA,Canada,British Columbia,,,CA-BC,,ChIJr2prqsdmelMR-fHnN-lBG4g,2021-06-03,-12.0,16.0,129.0,-47.0,-27.0,9.0
7444,CA,Canada,British Columbia,,,CA-BC,,ChIJr2prqsdmelMR-fHnN-lBG4g,2021-06-04,-14.0,12.0,80.0,-46.0,-24.0,7.0
7445,CA,Canada,British Columbia,,,CA-BC,,ChIJr2prqsdmelMR-fHnN-lBG4g,2021-06-05,-14.0,12.0,65.0,-47.0,-14.0,5.0
7446,CA,Canada,British Columbia,,,CA-BC,,ChIJr2prqsdmelMR-fHnN-lBG4g,2021-06-06,-14.0,4.0,33.0,-49.0,-17.0,5.0
7447,CA,Canada,British Columbia,,,CA-BC,,ChIJr2prqsdmelMR-fHnN-lBG4g,2021-06-07,-15.0,12.0,88.0,-48.0,-26.0,9.0
7448,CA,Canada,British Columbia,,,CA-BC,,ChIJr2prqsdmelMR-fHnN-lBG4g,2021-06-08,-11.0,18.0,138.0,-46.0,-24.0,9.0
7449,CA,Canada,British Columbia,,,CA-BC,,ChIJr2prqsdmelMR-fHnN-lBG4g,2021-06-09,-14.0,12.0,109.0,-45.0,-27.0,9.0
7450,CA,Canada,British Columbia,,,CA-BC,,ChIJr2prqsdmelMR-fHnN-lBG4g,2021-06-10,-13.0,16.0,97.0,-46.0,-26.0,9.0
7451,CA,Canada,British Columbia,,,CA-BC,,ChIJr2prqsdmelMR-fHnN-lBG4g,2021-06-11,-15.0,13.0,56.0,-47.0,-24.0,8.0
7452,CA,Canada,British Columbia,,,CA-BC,,ChIJr2prqsdmelMR-fHnN-lBG4g,2021-06-12,-13.0,13.0,100.0,-43.0,-13.0,4.0
7453,CA,Canada,British Columbia,,,CA-BC,,ChIJr2prqsdmelMR-fHnN-lBG4g,2021-06-13,-15.0,5.0,35.0,-48.0,-17.0,5.0
7454,CA,Canada,British Columbia,,,CA-BC,,ChIJr2prqsdmelMR-fHnN-lBG4g,2021-06-14,-15.0,13.0,77.0,-47.0,-27.0,9.0
7455,CA,Canada,British Columbia,,,CA-BC,,ChIJr2prqsdmelMR-fHnN-lBG4g,2021-06-15,-10.0,18.0,111.0,-45.0,-24.0,9.0
7456,CA,Canada,British Columbia,,,CA-BC,,ChIJr2prqsdmelMR-fHnN-lBG4g,2021-06-16,-10.0,14.0,141.0,-42.0,-27.0,7.0
7457,CA,Canada,British Columbia,,,CA-BC,,ChIJr2prqsdmelMR-fHnN-lBG4g,2021-06-17,-10.0,19.0,148.0,-43.0,-27.0,7.0
7458,CA,Canada,British Columbia,,,CA-BC,,ChIJr2prqsdmelMR-fHnN-lBG4g,2021-06-18,-9.0,20.0,142.0,-40.0,-25.0,4.0
7459,CA,Canada,British Columbia,,,CA-BC,,ChIJr2prqsdmelMR-fHnN-lBG4g,2021-06-19,-10.0,16.0,117.0,-39.0,-14.0,2.0
7460,CA,Canada,British Columbia,,,CA-BC,,ChIJr2prqsdmelMR-fHnN-lBG4g,2021-06-20,-2.0,11.0,174.0,-32.0,-17.0,-2.0
7461,CA,Canada,British Columbia,,,CA-BC,,ChIJr2prqsdmelMR-fHnN-lBG4g,2021-06-21,-10.0,14.0,142.0,-43.0,-29.0,7.0
7462,CA,Canada,British Columbia,,,CA-BC,,ChIJr2prqsdmelMR-fHnN-lBG4g,2021-06-22,-7.0,19.0,168.0,-44.0,-26.0,7.0
7463,CA,Canada,British Columbia,,,CA-BC,,ChIJr2prqsdmelMR-fHnN-lBG4g,2021-06-23,-7.0,18.0,144.0,-41.0,-29.0,7.0
7464,CA,Canada,British Columbia,,,CA-BC,,ChIJr2prqsdmelMR-fHnN-lBG4g,2021-06-24,-6.0,23.0,142.0,-42.0,-29.0,7.0
7465,CA,Canada,British Columbia,,,CA-BC,,ChIJr2prqsdmelMR-fHnN-lBG4g,2021-06-25,-7.0,20.0,155.0,-39.0,-28.0,5.0
7466,CA,Canada,British Columbia,,,CA-BC,,ChIJr2prqsdmelMR-fHnN-lBG4g,2021-06-26,-10.0,18.0,135.0,-38.0,-15.0,1.0
7467,CA,Canada,British Columbia,,,CA-BC,,ChIJr2prqsdmelMR-fHnN-lBG4g,2021-06-27,-2.0,14.0,140.0,-36.0,-18.0,0.0
7468,CA,Canada,British Columbia,,,CA-BC,,ChIJr2prqsdmelMR-fHnN-lBG4g,2021-06-28,-2.0,23.0,113.0,-48.0,-38.0,4.0
7469,CA,Canada,British Columbia,,,CA-BC,,ChIJr2prqsdmelMR-fHnN-lBG4g,2021-06-29,-5.0,19.0,145.0,-47.0,-35.0,7.0
7470,CA,Canada,British Columbia,,,CA-BC,,ChIJr2prqsdmelMR-fHnN-lBG4g,2021-06-30,1.0,26.0,156.0,-36.0,-36.0,6.0
7471,CA,Canada,British Columbia,,,CA-BC,,ChIJr2prqsdmelMR-fHnN-lBG4g,2021-07-01,-6.0,23.0,232.0,-47.0,-71.0,14.0
7472,CA,Canada,British Columbia,,,CA-BC,,ChIJr2prqsdmelMR-fHnN-lBG4g,2021-07-02,-7.0,22.0,178.0,-42.0,-47.0,8.0
7473,CA,Canada,British Columbia,,,CA-BC,,ChIJr2prqsdmelMR-fHnN-lBG4g,2021-07-03,-11.0,14.0,147.0,-35.0,-18.0,2.0
7474,CA,Canada,British Columbia,,,CA-BC,,ChIJr2prqsdmelMR-fHnN-lBG4g,2021-07-04,-2.0,10.0,158.0,-24.0,-17.0,-1.0
7475,CA,Canada,British Columbia,,,CA-BC,,ChIJr2prqsdmelMR-fHnN-lBG4g,2021-07-05,-3.0,21.0,138.0,-38.0,-35.0,7.0
7476,CA,Canada,British Columbia,,,CA-BC,,ChIJr2prqsdmelMR-fHnN-lBG4g,2021-07-06,-3.0,21.0,182.0,-40.0,-33.0,8.0
7477,CA,Canada,British Columbia,,,CA-BC,,ChIJr2prqsdmelMR-fHnN-lBG4g,2021-07-07,-6.0,17.0,136.0,-38.0,-35.0,8.0
7478,CA,Canada,British Columbia,,,CA-BC,,ChIJr2prqsdmelMR-fHnN-lBG4g,2021-07-08,-5.0,21.0,143.0,-40.0,-35.0,8.0
7479,CA,Canada,British Columbia,,,CA-BC,,ChIJr2prqsdmelMR-fHnN-lBG4g,2021-07-09,-6.0,18.0,158.0,-36.0,-33.0,5.0
7480,CA,Canada,British Columbia,,,CA-BC,,ChIJr2prqsdmelMR-fHnN-lBG4g,2021-07-10,-7.0,16.0,136.0,-31.0,-14.0,1.0
7481,CA,Canada,British Columbia,,,CA-BC,,ChIJr2prqsdmelMR-fHnN-lBG4g,2021-07-11,-2.0,10.0,156.0,-25.0,-16.0,-1.0
7482,CA,Canada,British Columbia,,,CA-BC,,ChIJr2prqsdmelMR-fHnN-lBG4g,2021-07-12,-5.0,19.0,144.0,-38.0,-35.0,7.0
7483,CA,Canada,British Columbia,,,CA-BC,,ChIJr2prqsdmelMR-fHnN-lBG4g,2021-07-13,-2.0,21.0,185.0,-39.0,-33.0,7.0
7484,CA,Canada,British Columbia,,,CA-BC,,ChIJr2prqsdmelMR-fHnN-lBG4g,2021-07-14,-4.0,17.0,165.0,-36.0,-35.0,7.0
7485,CA,Canada,British Columbia,,,CA-BC,,ChIJr2prqsdmelMR-fHnN-lBG4g,2021-07-15,-3.0,22.0,153.0,-38.0,-34.0,7.0
7486,CA,Canada,British Columbia,,,CA-BC,,ChIJr2prqsdmelMR-fHnN-lBG4g,2021-07-16,-5.0,18.0,130.0,-35.0,-33.0,5.0
7487,CA,Canada,British Columbia,,,CA-BC,,ChIJr2prqsdmelMR-fHnN-lBG4g,2021-07-17,-6.0,16.0,126.0,-30.0,-13.0,1.0
7488,CA,Canada,British Columbia,,,CA-BC,,ChIJr2prqsdmelMR-fHnN-lBG4g,2021-07-18,1.0,11.0,166.0,-21.0,-15.0,-1.0
7489,CA,Canada,British Columbia,,,CA-BC,,ChIJr2prqsdmelMR-fHnN-lBG4g,2021-07-19,-3.0,19.0,148.0,-37.0,-35.0,7.0
7490,CA,Canada,British Columbia,,,CA-BC,,ChIJr2prqsdmelMR-fHnN-lBG4g,2021-07-20,0.0,22.0,186.0,-38.0,-33.0,7.0
7491,CA,Canada,British Columbia,,,CA-BC,,ChIJr2prqsdmelMR-fHnN-lBG4g,2021-07-21,-1.0,21.0,154.0,-35.0,-35.0,7.0
7492,CA,Canada,British Columbia,,,CA-BC,,ChIJr2prqsdmelMR-fHnN-lBG4g,2021-07-22,-2.0,22.0,160.0,-37.0,-34.0,7.0
7493,CA,Canada,British Columbia,,,CA-BC,,ChIJr2prqsdmelMR-fHnN-lBG4g,2021-07-23,-3.0,18.0,159.0,-34.0,-32.0,5.0
7494,CA,Canada,British Columbia,,,CA-BC,,ChIJr2prqsdmelMR-fHnN-lBG4g,2021-07-24,-6.0,15.0,142.0,-27.0,-12.0,0.0
7495,CA,Canada,British Columbia,,,CA-BC,,ChIJr2prqsdmelMR-fHnN-lBG4g,2021-07-25,1.0,11.0,163.0,-21.0,-14.0,-1.0
7496,CA,Canada,British Columbia,,,CA-BC,,ChIJr2prqsdmelMR-fHnN-lBG4g,2021-07-26,-2.0,18.0,148.0,-37.0,-35.0,7.0
7497,CA,Canada,British Columbia,,,CA-BC,,ChIJr2prqsdmelMR-fHnN-lBG4g,2021-07-27,0.0,20.0,187.0,-38.0,-33.0,7.0
7498,CA,Canada,British Columbia,,,CA-BC,,ChIJr2prqsdmelMR-fHnN-lBG4g,2021-07-28,-1.0,19.0,168.0,-34.0,-35.0,7.0
7499,CA,Canada,British Columbia,,,CA-BC,,ChIJr2prqsdmelMR-fHnN-lBG4g,2021-07-29,-1.0,23.0,161.0,-35.0,-35.0,7.0
7500,CA,Canada,British Columbia,,,CA-BC,,ChIJr2prqsdmelMR-fHnN-lBG4g,2021-07-30,-2.0,21.0,163.0,-32.0,-35.0,5.0
7501,CA,Canada,British Columbia,,,CA-BC,,ChIJr2prqsdmelMR-fHnN-lBG4g,2021-07-31,-7.0,14.0,120.0,-27.0,-17.0,1.0
7502,CA,Canada,British Columbia,,,CA-BC,,ChIJr2prqsdmelMR-fHnN-lBG4g,2021-08-01,3.0,9.0,152.0,-20.0,-17.0,-1.0
7503,CA,Canada,British Columbia,,,CA-BC,,ChIJr2prqsdmelMR-fHnN-lBG4g,2021-08-02,-1.0,19.0,207.0,-43.0,-73.0,13.0
7504,CA,Canada,British Columbia,,,CA-BC,,ChIJr2prqsdmelMR-fHnN-lBG4g,2021-08-03,0.0,23.0,183.0,-35.0,-36.0,8.0
7505,CA,Canada,British Columbia,,,CA-BC,,ChIJr2prqsdmelMR-fHnN-lBG4g,2021-08-04,-3.0,18.0,173.0,-32.0,-36.0,7.0
7506,CA,Canada,British Columbia,,,CA-BC,,ChIJr2prqsdmelMR-fHnN-lBG4g,2021-08-05,-4.0,20.0,156.0,-33.0,-36.0,7.0
7507,CA,Canada,British Columbia,,,CA-BC,,ChIJr2prqsdmelMR-fHnN-lBG4g,2021-08-06,-5.0,16.0,130.0,-31.0,-34.0,6.0
7508,CA,Canada,British Columbia,,,CA-BC,,ChIJr2prqsdmelMR-fHnN-lBG4g,2021-08-07,-8.0,13.0,68.0,-29.0,-14.0,3.0
7509,CA,Canada,British Columbia,,,CA-BC,,ChIJr2prqsdmelMR-fHnN-lBG4g,2021-08-08,0.0,11.0,121.0,-18.0,-14.0,1.0
7510,CA,Canada,British Columbia,,,CA-BC,,ChIJr2prqsdmelMR-fHnN-lBG4g,2021-08-09,-4.0,16.0,139.0,-34.0,-35.0,7.0
7511,CA,Canada,British Columbia,,,CA-BC,,ChIJr2prqsdmelMR-fHnN-lBG4g,2021-08-10,0.0,19.0,190.0,-34.0,-33.0,7.0
7512,CA,Canada,British Columbia,,,CA-BC,,ChIJr2prqsdmelMR-fHnN-lBG4g,2021-08-11,-2.0,17.0,175.0,-33.0,-36.0,7.0
7513,CA,Canada,British Columbia,,,CA-BC,,ChIJr2prqsdmelMR-fHnN-lBG4g,2021-08-12,-2.0,20.0,158.0,-35.0,-35.0,7.0
7514,CA,Canada,British Columbia,,,CA-BC,,ChIJr2prqsdmelMR-fHnN-lBG4g,2021-08-13,-4.0,17.0,131.0,-32.0,-34.0,6.0
7515,CA,Canada,British Columbia,,,CA-BC,,ChIJr2prqsdmelMR-fHnN-lBG4g,2021-08-14,-6.0,14.0,112.0,-24.0,-13.0,1.0
7516,CA,Canada,British Columbia,,,CA-BC,,ChIJr2prqsdmelMR-fHnN-lBG4g,2021-08-15,2.0,11.0,145.0,-16.0,-14.0,-1.0
7517,CA,Canada,British Columbia,,,CA-BC,,ChIJr2prqsdmelMR-fHnN-lBG4g,2021-08-16,-4.0,16.0,87.0,-34.0,-36.0,8.0
7518,CA,Canada,British Columbia,,,CA-BC,,ChIJr2prqsdmelMR-fHnN-lBG4g,2021-08-17,1.0,20.0,163.0,-34.0,-34.0,8.0
7519,CA,Canada,British Columbia,,,CA-BC,,ChIJr2prqsdmelMR-fHnN-lBG4g,2021-08-18,-2.0,16.0,157.0,-32.0,-34.0,7.0
7520,CA,Canada,British Columbia,,,CA-BC,,ChIJr2prqsdmelMR-fHnN-lBG4g,2021-08-19,-2.0,19.0,156.0,-32.0,-34.0,7.0
7521,CA,Canada,British Columbia,,,CA-BC,,ChIJr2prqsdmelMR-fHnN-lBG4g,2021-08-20,-4.0,16.0,110.0,-32.0,-33.0,5.0
7522,CA,Canada,British Columbia,,,CA-BC,,ChIJr2prqsdmelMR-fHnN-lBG4g,2021-08-21,-5.0,14.0,108.0,-23.0,-13.0,1.0
7523,CA,Canada,British Columbia,,,CA-BC,,ChIJr2prqsdmelMR-fHnN-lBG4g,2021-08-22,2.0,11.0,121.0,-18.0,-14.0,0.0
7524,CA,Canada,British Columbia,,,CA-BC,,ChIJr2prqsdmelMR-fHnN-lBG4g,2021-08-23,-2.0,17.0,126.0,-33.0,-35.0,7.0
7525,CA,Canada,British Columbia,,,CA-BC,,ChIJr2prqsdmelMR-fHnN-lBG4g,2021-08-24,0.0,19.0,190.0,-34.0,-33.0,7.0
7526,CA,Canada,British Columbia,,,CA-BC,,ChIJr2prqsdmelMR-fHnN-lBG4g,2021-08-25,0.0,19.0,160.0,-30.0,-35.0,7.0
7527,CA,Canada,British Columbia,,,CA-BC,,ChIJr2prqsdmelMR-fHnN-lBG4g,2021-08-26,-3.0,19.0,84.0,-35.0,-35.0,8.0
7528,CA,Canada,British Columbia,,,CA-BC,,ChIJr2prqsdmelMR-fHnN-lBG4g,2021-08-27,-3.0,16.0,127.0,-31.0,-33.0,5.0
7529,CA,Canada,British Columbia,,,CA-BC,,ChIJr2prqsdmelMR-fHnN-lBG4g,2021-08-28,-5.0,13.0,127.0,-22.0,-12.0,1.0
7530,CA,Canada,British Columbia,,,CA-BC,,ChIJr2prqsdmelMR-fHnN-lBG4g,2021-08-29,3.0,9.0,155.0,-15.0,-12.0,-1.0
7531,CA,Canada,British Columbia,,,CA-BC,,ChIJr2prqsdmelMR-fHnN-lBG4g,2021-08-30,-3.0,15.0,91.0,-33.0,-35.0,7.0
7532,CA,Canada,British Columbia,,,CA-BC,,ChIJr2prqsdmelMR-fHnN-lBG4g,2021-08-31,1.0,19.0,121.0,-34.0,-33.0,8.0
7533,CA,Canada,British Columbia,,,CA-BC,,ChIJr2prqsdmelMR-fHnN-lBG4g,2021-09-01,0.0,17.0,140.0,-29.0,-35.0,7.0
7534,CA,Canada,British Columbia,,,CA-BC,,ChIJr2prqsdmelMR-fHnN-lBG4g,2021-09-02,0.0,19.0,149.0,-32.0,-35.0,7.0
7535,CA,Canada,British Columbia,,,CA-BC,,ChIJr2prqsdmelMR-fHnN-lBG4g,2021-09-03,0.0,14.0,133.0,-30.0,-34.0,5.0
7536,CA,Canada,British Columbia,,,CA-BC,,ChIJr2prqsdmelMR-fHnN-lBG4g,2021-09-04,-5.0,8.0,56.0,-30.0,-16.0,3.0
7537,CA,Canada,British Columbia,,,CA-BC,,ChIJr2prqsdmelMR-fHnN-lBG4g,2021-09-05,7.0,6.0,119.0,-21.0,-15.0,0.0
7538,CA,Canada,British Columbia,,,CA-BC,,ChIJr2prqsdmelMR-fHnN-lBG4g,2021-09-06,3.0,17.0,204.0,-40.0,-74.0,13.0
7539,CA,Canada,British Columbia,,,CA-BC,,ChIJr2prqsdmelMR-fHnN-lBG4g,2021-09-07,2.0,19.0,145.0,-30.0,-34.0,7.0
7540,CA,Canada,British Columbia,,,CA-BC,,ChIJr2prqsdmelMR-fHnN-lBG4g,2021-09-08,-5.0,12.0,101.0,-27.0,-34.0,7.0
7541,CA,Canada,British Columbia,,,CA-BC,,ChIJr2prqsdmelMR-fHnN-lBG4g,2021-09-09,-5.0,13.0,111.0,-30.0,-33.0,7.0
7542,CA,Canada,British Columbia,,,CA-BC,,ChIJr2prqsdmelMR-fHnN-lBG4g,2021-09-10,-3.0,10.0,112.0,-27.0,-30.0,4.0
7543,CA,Canada,British Columbia,,,CA-BC,,ChIJr2prqsdmelMR-fHnN-lBG4g,2021-09-11,-4.0,9.0,55.0,-29.0,-11.0,3.0
7544,CA,Canada,British Columbia,,,CA-BC,,ChIJr2prqsdmelMR-fHnN-lBG4g,2021-09-12,3.0,8.0,107.0,-20.0,-13.0,1.0
7545,CA,Canada,British Columbia,,,CA-BC,,ChIJr2prqsdmelMR-fHnN-lBG4g,2021-09-13,-3.0,13.0,104.0,-28.0,-33.0,6.0
7546,CA,Canada,British Columbia,,,CA-BC,,ChIJr2prqsdmelMR-fHnN-lBG4g,2021-09-14,-6.0,9.0,54.0,-35.0,-32.0,8.0
7547,CA,Canada,British Columbia,,,CA-BC,,ChIJr2prqsdmelMR-fHnN-lBG4g,2021-09-15,-3.0,13.0,104.0,-27.0,-34.0,6.0
7548,CA,Canada,British Columbia,,,CA-BC,,ChIJr2prqsdmelMR-fHnN-lBG4g,2021-09-16,-3.0,13.0,106.0,-30.0,-33.0,6.0
7549,CA,Canada,British Columbia,,,CA-BC,,ChIJr2prqsdmelMR-fHnN-lBG4g,2021-09-17,-10.0,-1.0,15.0,-36.0,-33.0,7.0
7550,CA,Canada,British Columbia,,,CA-BC,,ChIJr2prqsdmelMR-fHnN-lBG4g,2021-09-18,-2.0,10.0,51.0,-31.0,-13.0,3.0
7551,CA,Canada,British Columbia,,,CA-BC,,ChIJr2prqsdmelMR-fHnN-lBG4g,2021-09-19,0.0,4.0,51.0,-27.0,-15.0,3.0
7552,CA,Canada,British Columbia,,,CA-BC,,ChIJr2prqsdmelMR-fHnN-lBG4g,2021-09-20,1.0,12.0,91.0,-30.0,-32.0,6.0
7553,CA,Canada,British Columbia,,,CA-BC,,ChIJr2prqsdmelMR-fHnN-lBG4g,2021-09-21,-2.0,10.0,126.0,-31.0,-29.0,7.0
7554,CA,Canada,British Columbia,,,CA-BC,,ChIJr2prqsdmelMR-fHnN-lBG4g,2021-09-22,-4.0,9.0,88.0,-30.0,-27.0,7.0
7555,CA,Canada,British Columbia,,,CA-BC,,ChIJr2prqsdmelMR-fHnN-lBG4g,2021-09-23,-3.0,10.0,108.0,-30.0,-27.0,6.0
7556,CA,Canada,British Columbia,,,CA-BC,,ChIJr2prqsdmelMR-fHnN-lBG4g,2021-09-24,-2.0,7.0,114.0,-27.0,-27.0,4.0
7557,CA,Canada,British Columbia,,,CA-BC,,ChIJr2prqsdmelMR-fHnN-lBG4g,2021-09-25,-2.0,7.0,109.0,-24.0,-11.0,1.0
7558,CA,Canada,British Columbia,,,CA-BC,,ChIJr2prqsdmelMR-fHnN-lBG4g,2021-09-26,-6.0,-1.0,19.0,-31.0,-15.0,4.0
7559,CA,Canada,British Columbia,,,CA-BC,,ChIJr2prqsdmelMR-fHnN-lBG4g,2021-09-27,-7.0,7.0,41.0,-34.0,-28.0,8.0
7560,CA,Canada,British Columbia,,,CA-BC,,ChIJr2prqsdmelMR-fHnN-lBG4g,2021-09-28,-3.0,11.0,90.0,-34.0,-25.0,7.0
7561,CA,Canada,British Columbia,,,CA-BC,,ChIJr2prqsdmelMR-fHnN-lBG4g,2021-09-29,-5.0,5.0,36.0,-32.0,-27.0,7.0
7562,CA,Canada,British Columbia,,,CA-BC,,ChIJr2prqsdmelMR-fHnN-lBG4g,2021-09-30,-2.0,12.0,60.0,-43.0,-48.0,13.0
7563,CA,Canada,British Columbia,,,CA-BC,,ChIJr2prqsdmelMR-fHnN-lBG4g,2021-10-01,-3.0,8.0,91.0,-28.0,-26.0,5.0
7564,CA,Canada,British Columbia,,,CA-BC,,ChIJr2prqsdmelMR-fHnN-lBG4g,2021-10-02,-4.0,7.0,57.0,-30.0,-12.0,3.0
7565,CA,Canada,British Columbia,,,CA-BC,,ChIJr2prqsdmelMR-fHnN-lBG4g,2021-10-03,0.0,4.0,89.0,-22.0,-14.0,2.0
7566,CA,Canada,British Columbia,,,CA-BC,,ChIJr2prqsdmelMR-fHnN-lBG4g,2021-10-04,-6.0,8.0,71.0,-32.0,-26.0,7.0
7567,CA,Canada,British Columbia,,,CA-BC,,ChIJr2prqsdmelMR-fHnN-lBG4g,2021-10-05,-4.0,11.0,57.0,-33.0,-24.0,8.0
7568,CA,Canada,British Columbia,,,CA-BC,,ChIJr2prqsdmelMR-fHnN-lBG4g,2021-10-06,-5.0,9.0,65.0,-31.0,-26.0,7.0
7569,CA,Canada,British Columbia,,,CA-BC,,ChIJr2prqsdmelMR-fHnN-lBG4g,2021-10-07,-4.0,13.0,77.0,-32.0,-25.0,7.0
7570,CA,Canada,British Columbia,,,CA-BC,,ChIJr2prqsdmelMR-fHnN-lBG4g,2021-10-08,-1.0,15.0,82.0,-27.0,-25.0,4.0
7571,CA,Canada,British Columbia,,,CA-BC,,ChIJr2prqsdmelMR-fHnN-lBG4g,2021-10-09,-8.0,13.0,14.0,-34.0,-17.0,4.0
7572,CA,Canada,British Columbia,,,CA-BC,,ChIJr2prqsdmelMR-fHnN-lBG4g,2021-10-10,-4.0,5.0,72.0,-28.0,-19.0,1.0
7573,CA,Canada,British Columbia,,,CA-BC,,ChIJr2prqsdmelMR-fHnN-lBG4g,2021-10-11,-13.0,5.0,123.0,-45.0,-75.0,16.0
7574,CA,Canada,British Columbia,,,CA-BC,,ChIJr2prqsdmelMR-fHnN-lBG4g,2021-10-12,-9.0,4.0,40.0,-32.0,-25.0,8.0
7575,CA,Canada,British Columbia,,,CA-BC,,ChIJr2prqsdmelMR-fHnN-lBG4g,2021-10-13,-8.0,4.0,52.0,-31.0,-26.0,8.0
7576,CA,Canada,British Columbia,,,CA-BC,,ChIJr2prqsdmelMR-fHnN-lBG4g,2021-10-14,-10.0,4.0,35.0,-35.0,-25.0,8.0
7577,CA,Canada,British Columbia,,,CA-BC,,ChIJr2prqsdmelMR-fHnN-lBG4g,2021-10-15,-9.0,1.0,17.0,-34.0,-23.0,7.0
7578,CA,Canada,British Columbia,,,CA-BC,,ChIJr2prqsdmelMR-fHnN-lBG4g,2021-10-16,-7.0,3.0,10.0,-35.0,-13.0,5.0
7579,CA,Canada,British Columbia,,,CA-BC,,ChIJr2prqsdmelMR-fHnN-lBG4g,2021-10-17,-4.0,1.0,25.0,-30.0,-15.0,4.0
7580,CA,Canada,British Columbia,,,CA-BC,,ChIJr2prqsdmelMR-fHnN-lBG4g,2021-10-18,-7.0,7.0,63.0,-33.0,-24.0,7.0
7581,CA,Canada,British Columbia,,,CA-BC,,ChIJr2prqsdmelMR-fHnN-lBG4g,2021-10-19,-4.0,8.0,99.0,-33.0,-23.0,7.0
7582,CA,Canada,British Columbia,,,CA-BC,,ChIJr2prqsdmelMR-fHnN-lBG4g,2021-10-20,-6.0,8.0,36.0,-32.0,-25.0,8.0
7583,CA,Canada,British Columbia,,,CA-BC,,ChIJr2prqsdmelMR-fHnN-lBG4g,2021-10-21,-5.0,9.0,49.0,-34.0,-24.0,7.0
7584,CA,Canada,British Columbia,,,CA-BC,,ChIJr2prqsdmelMR-fHnN-lBG4g,2021-10-22,-4.0,7.0,34.0,-33.0,-28.0,7.0
7585,CA,Canada,British Columbia,,,CA-BC,,ChIJr2prqsdmelMR-fHnN-lBG4g,2021-10-23,-4.0,9.0,25.0,-33.0,-12.0,4.0
7586,CA,Canada,British Columbia,,,CA-BC,,ChIJr2prqsdmelMR-fHnN-lBG4g,2021-10-24,-4.0,1.0,21.0,-31.0,-16.0,4.0
7587,CA,Canada,British Columbia,,,CA-BC,,ChIJr2prqsdmelMR-fHnN-lBG4g,2021-10-25,-10.0,4.0,17.0,-38.0,-24.0,9.0
7588,CA,Canada,British Columbia,,,CA-BC,,ChIJr2prqsdmelMR-fHnN-lBG4g,2021-10-26,-6.0,7.0,44.0,-33.0,-22.0,8.0
7589,CA,Canada,British Columbia,,,CA-BC,,ChIJr2prqsdmelMR-fHnN-lBG4g,2021-10-27,-5.0,9.0,55.0,-30.0,-24.0,7.0
7590,CA,Canada,British Columbia,,,CA-BC,,ChIJr2prqsdmelMR-fHnN-lBG4g,2021-10-28,-7.0,8.0,13.0,-36.0,-24.0,8.0
7591,CA,Canada,British Columbia,,,CA-BC,,ChIJr2prqsdmelMR-fHnN-lBG4g,2021-10-29,-2.0,11.0,63.0,-28.0,-20.0,5.0
7592,CA,Canada,British Columbia,,,CA-BC,,ChIJr2prqsdmelMR-fHnN-lBG4g,2021-10-30,0.0,13.0,74.0,-24.0,-11.0,2.0
7593,CA,Canada,British Columbia,,,CA-BC,,ChIJr2prqsdmelMR-fHnN-lBG4g,2021-10-31,1.0,7.0,96.0,-19.0,-14.0,2.0
7594,CA,Canada,British Columbia,,,CA-BC,,ChIJr2prqsdmelMR-fHnN-lBG4g,2021-11-01,-11.0,4.0,23.0,-35.0,-24.0,8.0
7595,CA,Canada,British Columbia,,,CA-BC,,ChIJr2prqsdmelMR-fHnN-lBG4g,2021-11-02,-9.0,6.0,31.0,-36.0,-21.0,9.0
7596,CA,Canada,British Columbia,,,CA-BC,,ChIJr2prqsdmelMR-fHnN-lBG4g,2021-11-03,-10.0,3.0,21.0,-34.0,-24.0,8.0
7597,CA,Canada,British Columbia,,,CA-BC,,ChIJr2prqsdmelMR-fHnN-lBG4g,2021-11-04,-9.0,6.0,24.0,-36.0,-23.0,8.0
7598,CA,Canada,British Columbia,,,CA-BC,,ChIJr2prqsdmelMR-fHnN-lBG4g,2021-11-05,-5.0,4.0,37.0,-32.0,-21.0,6.0
7599,CA,Canada,British Columbia,,,CA-BC,,ChIJr2prqsdmelMR-fHnN-lBG4g,2021-11-06,-6.0,3.0,5.0,-36.0,-13.0,5.0
7600,CA,Canada,British Columbia,,,CA-BC,,ChIJr2prqsdmelMR-fHnN-lBG4g,2021-11-07,-2.0,1.0,10.0,-31.0,-16.0,4.0
7601,CA,Canada,British Columbia,,,CA-BC,,ChIJr2prqsdmelMR-fHnN-lBG4g,2021-11-08,-9.0,4.0,33.0,-34.0,-23.0,8.0
7602,CA,Canada,British Columbia,,,CA-BC,,ChIJr2prqsdmelMR-fHnN-lBG4g,2021-11-09,-7.0,3.0,29.0,-35.0,-21.0,8.0
7603,CA,Canada,British Columbia,,,CA-BC,,ChIJr2prqsdmelMR-fHnN-lBG4g,2021-11-10,-2.0,7.0,48.0,-28.0,-24.0,6.0
7604,CA,Canada,British Columbia,,,CA-BC,,ChIJr2prqsdmelMR-fHnN-lBG4g,2021-11-11,-8.0,4.0,39.0,-51.0,-71.0,20.0
7605,CA,Canada,British Columbia,,,CA-BC,,ChIJr2prqsdmelMR-fHnN-lBG4g,2021-11-12,-5.0,8.0,35.0,-36.0,-32.0,8.0
7606,CA,Canada,British Columbia,,,CA-BC,,ChIJr2prqsdmelMR-fHnN-lBG4g,2021-11-13,-9.0,-1.0,4.0,-36.0,-15.0,5.0
7607,CA,Canada,British Columbia,,,CA-BC,,ChIJr2prqsdmelMR-fHnN-lBG4g,2021-11-14,-12.0,-8.0,-16.0,-32.0,-18.0,5.0
7608,CA,Canada,British Columbia,,,CA-BC,,ChIJr2prqsdmelMR-fHnN-lBG4g,2021-11-15,-15.0,0.0,4.0,-39.0,-27.0,10.0
7609,CA,Canada,British Columbia,,,CA-BC,,ChIJr2prqsdmelMR-fHnN-lBG4g,2021-11-16,-3.0,18.0,69.0,-32.0,-23.0,8.0
7610,CA,Canada,British Columbia,,,CA-BC,,ChIJr2prqsdmelMR-fHnN-lBG4g,2021-11-17,-5.0,17.0,43.0,-32.0,-25.0,8.0
7611,CA,Canada,British Columbia,,,CA-BC,,ChIJr2prqsdmelMR-fHnN-lBG4g,2021-11-18,-10.0,8.0,3.0,-38.0,-24.0,9.0
7612,CA,Canada,British Columbia,,,CA-BC,,ChIJr2prqsdmelMR-fHnN-lBG4g,2021-11-19,-5.0,9.0,35.0,-31.0,-22.0,6.0
7613,CA,Canada,British Columbia,,,CA-BC,,ChIJr2prqsdmelMR-fHnN-lBG4g,2021-11-20,-5.0,7.0,14.0,-31.0,-12.0,5.0
7614,CA,Canada,British Columbia,,,CA-BC,,ChIJr2prqsdmelMR-fHnN-lBG4g,2021-11-21,-2.0,1.0,42.0,-27.0,-16.0,4.0
7615,CA,Canada,British Columbia,,,CA-BC,,ChIJr2prqsdmelMR-fHnN-lBG4g,2021-11-22,-10.0,4.0,10.0,-37.0,-24.0,9.0
7616,CA,Canada,British Columbia,,,CA-BC,,ChIJr2prqsdmelMR-fHnN-lBG4g,2021-11-23,-5.0,8.0,54.0,-35.0,-21.0,8.0
7617,CA,Canada,British Columbia,,,CA-BC,,ChIJr2prqsdmelMR-fHnN-lBG4g,2021-11-24,-9.0,4.0,21.0,-34.0,-24.0,9.0
7618,CA,Canada,British Columbia,,,CA-BC,,ChIJr2prqsdmelMR-fHnN-lBG4g,2021-11-25,-10.0,2.0,-5.0,-41.0,-24.0,10.0
7619,CA,Canada,British Columbia,,,CA-BC,,ChIJr2prqsdmelMR-fHnN-lBG4g,2021-11-26,2.0,12.0,38.0,-31.0,-23.0,6.0
7620,CA,Canada,British Columbia,,,CA-BC,,ChIJr2prqsdmelMR-fHnN-lBG4g,2021-11-27,-7.0,2.0,-21.0,-38.0,-12.0,6.0
7621,CA,Canada,British Columbia,,,CA-BC,,ChIJr2prqsdmelMR-fHnN-lBG4g,2021-11-28,-4.0,1.0,-5.0,-33.0,-14.0,5.0
7622,CA,Canada,British Columbia,,,CA-BC,,ChIJr2prqsdmelMR-fHnN-lBG4g,2021-11-29,-7.0,8.0,20.0,-35.0,-23.0,8.0
7623,CA,Canada,British Columbia,,,CA-BC,,ChIJr2prqsdmelMR-fHnN-lBG4g,2021-11-30,-9.0,5.0,6.0,-39.0,-21.0,9.0
7624,CA,Canada,British Columbia,,,CA-BC,,ChIJr2prqsdmelMR-fHnN-lBG4g,2021-12-01,-7.0,7.0,26.0,-34.0,-24.0,8.0
7625,CA,Canada,British Columbia,,,CA-BC,,ChIJr2prqsdmelMR-fHnN-lBG4g,2021-12-02,-3.0,10.0,43.0,-34.0,-23.0,8.0
7626,CA,Canada,British Columbia,,,CA-BC,,ChIJr2prqsdmelMR-fHnN-lBG4g,2021-12-03,-3.0,7.0,35.0,-32.0,-20.0,6.0
7627,CA,Canada,British Columbia,,,CA-BC,,ChIJr2prqsdmelMR-fHnN-lBG4g,2021-12-04,-4.0,6.0,7.0,-32.0,-11.0,4.0
7628,CA,Canada,British Columbia,,,CA-BC,,ChIJr2prqsdmelMR-fHnN-lBG4g,2021-12-05,-1.0,2.0,20.0,-30.0,-14.0,4.0
7629,CA,Canada,British Columbia,,,CA-BC,,ChIJr2prqsdmelMR-fHnN-lBG4g,2021-12-06,-13.0,1.0,-3.0,-37.0,-26.0,10.0
7630,CA,Canada,British Columbia,,,CA-BC,,ChIJr2prqsdmelMR-fHnN-lBG4g,2021-12-07,-5.0,9.0,16.0,-37.0,-20.0,9.0
7631,CA,Canada,British Columbia,,,CA-BC,,ChIJr2prqsdmelMR-fHnN-lBG4g,2021-12-08,-3.0,8.0,39.0,-32.0,-22.0,7.0
7632,CA,Canada,British Columbia,,,CA-BC,,ChIJr2prqsdmelMR-fHnN-lBG4g,2021-12-09,-4.0,11.0,25.0,-36.0,-21.0,8.0
7633,CA,Canada,British Columbia,,,CA-BC,,ChIJr2prqsdmelMR-fHnN-lBG4g,2021-12-10,-6.0,4.0,1.0,-35.0,-19.0,6.0
7634,CA,Canada,British Columbia,,,CA-BC,,ChIJr2prqsdmelMR-fHnN-lBG4g,2021-12-11,-2.0,9.0,6.0,-32.0,-8.0,4.0
7635,CA,Canada,British Columbia,,,CA-BC,,ChIJr2prqsdmelMR-fHnN-lBG4g,2021-12-12,-3.0,2.0,-2.0,-30.0,-12.0,4.0
7636,CA,Canada,British Columbia,,,CA-BC,,ChIJr2prqsdmelMR-fHnN-lBG4g,2021-12-13,-4.0,11.0,8.0,-36.0,-22.0,8.0
7637,CA,Canada,British Columbia,,,CA-BC,,ChIJr2prqsdmelMR-fHnN-lBG4g,2021-12-14,-2.0,12.0,28.0,-34.0,-20.0,8.0
7638,CA,Canada,British Columbia,,,CA-BC,,ChIJr2prqsdmelMR-fHnN-lBG4g,2021-12-15,2.0,16.0,27.0,-32.0,-22.0,7.0
7639,CA,Canada,British Columbia,,,CA-BC,,ChIJr2prqsdmelMR-fHnN-lBG4g,2021-12-16,3.0,17.0,29.0,-33.0,-22.0,7.0
7640,CA,Canada,British Columbia,,,CA-BC,,ChIJr2prqsdmelMR-fHnN-lBG4g,2021-12-17,0.0,13.0,13.0,-33.0,-20.0,6.0
7641,CA,Canada,British Columbia,,,CA-BC,,ChIJr2prqsdmelMR-fHnN-lBG4g,2021-12-18,-7.0,6.0,-10.0,-32.0,-12.0,5.0
7642,CA,Canada,British Columbia,,,CA-BC,,ChIJr2prqsdmelMR-fHnN-lBG4g,2021-12-19,6.0,7.0,43.0,-20.0,-12.0,2.0
7643,CA,Canada,British Columbia,,,CA-BC,,ChIJr2prqsdmelMR-fHnN-lBG4g,2021-12-20,8.0,23.0,32.0,-34.0,-35.0,9.0
7644,CA,Canada,British Columbia,,,CA-BC,,ChIJr2prqsdmelMR-fHnN-lBG4g,2021-12-21,7.0,26.0,20.0,-36.0,-35.0,10.0
7645,CA,Canada,British Columbia,,,CA-BC,,ChIJr2prqsdmelMR-fHnN-lBG4g,2021-12-22,6.0,32.0,14.0,-34.0,-39.0,10.0
7646,CA,Canada,British Columbia,,,CA-BC,,ChIJr2prqsdmelMR-fHnN-lBG4g,2021-12-23,12.0,55.0,37.0,-35.0,-43.0,10.0
7647,CA,Canada,British Columbia,,,CA-BC,,ChIJr2prqsdmelMR-fHnN-lBG4g,2021-12-24,-16.0,35.0,9.0,-45.0,-60.0,15.0
7648,CA,Canada,British Columbia,,,CA-BC,,ChIJr2prqsdmelMR-fHnN-lBG4g,2021-12-25,-77.0,-75.0,-14.0,-57.0,-67.0,12.0
7649,CA,Canada,British Columbia,,,CA-BC,,ChIJr2prqsdmelMR-fHnN-lBG4g,2021-12-26,-24.0,-25.0,-13.0,-36.0,-35.0,7.0
7650,CA,Canada,British Columbia,,,CA-BC,,ChIJr2prqsdmelMR-fHnN-lBG4g,2021-12-27,-14.0,0.0,2.0,-51.0,-72.0,20.0
7651,CA,Canada,British Columbia,,,CA-BC,,ChIJr2prqsdmelMR-fHnN-lBG4g,2021-12-28,-10.0,7.0,31.0,-47.0,-63.0,19.0
7652,CA,Canada,British Columbia,,,CA-BC,,ChIJr2prqsdmelMR-fHnN-lBG4g,2021-12-29,-10.0,10.0,18.0,-44.0,-55.0,17.0
7653,CA,Canada,British Columbia,,,CA-BC,,ChIJr2prqsdmelMR-fHnN-lBG4g,2021-12-30,-19.0,5.0,31.0,-45.0,-59.0,20.0
7654,CA,Canada,British Columbia,,,CA-BC,,ChIJr2prqsdmelMR-fHnN-lBG4g,2021-12-31,-15.0,20.0,32.0,-47.0,-60.0,17.0
